id,label
1,Benign
3,Benign
4,Benign
5,Benign
6,Spam
11,Benign
13,Spam
14,Benign
15,Benign
16,Benign
27,Benign
28,Benign
30,Benign
31,Benign
37,Benign
38,Benign
39,Benign
42,Spam
44,Benign
45,Benign
47,Benign
48,Benign
50,Benign
52,Benign
54,Benign
62,Benign
66,Spam
72,Spam
74,Benign
75,Benign
77,Spam
79,Benign
80,Benign
81,Benign
87,Benign
93,Benign
97,Benign
99,Spam
100,Benign
101,Spam
103,Benign
106,Benign
110,Spam
111,Benign
112,Benign
115,Benign
117,Benign
120,Spam
122,Spam
125,Spam
126,Spam
127,Spam
128,Benign
129,Spam
130,Benign
134,Spam
136,Benign
137,Spam
138,Spam
144,Spam
147,Benign
148,Benign
150,Benign
151,Spam
155,Spam
157,Spam
158,Benign
174,Benign
175,Benign
178,Benign
179,Benign
180,Benign
181,Spam
182,Benign
183,Benign
188,Benign
189,Spam
191,Spam
193,Benign
195,Benign
196,Benign
202,Benign
204,Benign
207,Benign
211,Benign
212,Spam
214,Benign
217,Spam
218,Spam
222,Benign
224,Benign
226,Spam
227,Spam
229,Spam
230,Benign
231,Spam
233,Benign
234,Spam
235,Benign
240,Spam
241,Spam
242,Benign
244,Benign
250,Benign
251,Spam
254,Benign
255,Benign
263,Benign
264,Spam
267,Benign
269,Spam
271,Spam
272,Benign
274,Benign
277,Spam
283,Spam
284,Spam
285,Benign
289,Spam
292,Benign
293,Benign
297,Benign
298,Benign
300,Spam
304,Benign
305,Benign
309,Benign
310,Benign
311,Benign
312,Benign
314,Benign
315,Benign
319,Spam
320,Benign
321,Benign
322,Benign
325,Benign
326,Benign
329,Spam
330,Benign
336,Benign
338,Benign
345,Spam
348,Benign
350,Benign
351,Benign
352,Benign
353,Benign
354,Benign
358,Benign
359,Benign
363,Benign
365,Benign
367,Benign
369,Benign
371,Benign
372,Benign
373,Spam
375,Benign
379,Benign
382,Benign
386,Benign
393,Benign
395,Benign
396,Benign
397,Spam
400,Benign
401,Spam
402,Spam
403,Benign
404,Benign
405,Benign
406,Spam
407,Spam
408,Benign
412,Benign
418,Benign
420,Benign
423,Benign
426,Spam
427,Benign
430,Spam
444,Benign
445,Benign
447,Benign
451,Benign
454,Benign
455,Benign
457,Benign
459,Spam
460,Benign
461,Benign
465,Benign
466,Benign
467,Spam
471,Spam
473,Benign
474,Benign
475,Benign
483,Benign
485,Benign
487,Benign
488,Benign
489,Benign
493,Benign
494,Spam
495,Benign
496,Benign
498,Benign
499,Spam
501,Benign
502,Benign
504,Benign
505,Benign
506,Spam
508,Benign
512,Benign
513,Benign
515,Spam
516,Benign
518,Spam
520,Benign
523,Benign
524,Benign
527,Spam
529,Benign
530,Benign
531,Benign
533,Benign
536,Benign
537,Benign
540,Spam
544,Benign
546,Benign
549,Benign
550,Benign
558,Spam
561,Benign
564,Benign
566,Benign
569,Benign
570,Benign
576,Benign
577,Benign
581,Benign
590,Spam
591,Benign
592,Benign
595,Spam
600,Benign
603,Spam
606,Benign
608,Spam
609,Spam
611,Benign
612,Benign
614,Spam
615,Benign
616,Benign
619,Benign
621,Spam
622,Spam
627,Spam
629,Benign
633,Benign
635,Benign
636,Spam
637,Benign
638,Spam
643,Spam
644,Benign
646,Spam
648,Benign
651,Benign
652,Benign
653,Benign
655,Benign
656,Spam
658,Spam
660,Benign
661,Spam
663,Benign
664,Spam
666,Benign
669,Benign
672,Benign
673,Spam
677,Benign
680,Benign
684,Benign
686,Spam
687,Benign
688,Benign
689,Benign
690,Benign
693,Benign
697,Benign
698,Benign
699,Spam
700,Benign
702,Benign
703,Benign
704,Benign
706,Benign
709,Spam
711,Benign
713,Benign
714,Benign
715,Benign
717,Benign
718,Spam
719,Benign
720,Benign
725,Spam
728,Benign
729,Benign
730,Benign
732,Benign
733,Spam
735,Spam
736,Benign
739,Spam
740,Benign
744,Benign
745,Spam
748,Benign
757,Spam
761,Benign
762,Benign
763,Benign
769,Benign
770,Spam
772,Benign
773,Benign
775,Spam
781,Benign
783,Benign
787,Benign
788,Benign
789,Spam
794,Benign
796,Benign
799,Spam
804,Benign
806,Spam
807,Spam
809,Benign
811,Spam
815,Benign
827,Spam
829,Benign
831,Benign
832,Benign
833,Benign
834,Spam
836,Benign
840,Spam
844,Spam
848,Spam
849,Benign
850,Benign
851,Benign
852,Benign
854,Benign
855,Spam
856,Benign
859,Benign
867,Benign
871,Spam
874,Benign
877,Benign
878,Benign
881,Benign
883,Benign
885,Spam
891,Benign
895,Benign
896,Spam
904,Benign
906,Benign
907,Spam
908,Benign
909,Benign
911,Spam
912,Benign
915,Benign
919,Spam
921,Benign
922,Spam
924,Benign
926,Spam
927,Benign
932,Spam
934,Benign
938,Benign
940,Benign
942,Spam
945,Spam
950,Benign
951,Benign
954,Spam
955,Spam
958,Benign
960,Spam
962,Benign
963,Benign
964,Benign
968,Spam
972,Benign
976,Spam
979,Benign
985,Benign
986,Spam
988,Benign
989,Benign
992,Benign
994,Benign
995,Benign
999,Benign
1002,Spam
1005,Benign
1011,Benign
1013,Benign
1014,Benign
1015,Benign
1016,Benign
1017,Spam
1020,Benign
1028,Spam
1035,Benign
1037,Benign
1042,Spam
1043,Benign
1051,Benign
1052,Benign
1053,Benign
1055,Benign
1057,Benign
1059,Spam
1062,Benign
1063,Benign
1065,Spam
1066,Benign
1067,Benign
1068,Spam
1069,Benign
1071,Benign
1073,Benign
1077,Spam
1079,Benign
1087,Spam
1093,Benign
1094,Spam
1095,Benign
1100,Benign
1101,Spam
1102,Benign
1104,Benign
1105,Benign
1114,Spam
1115,Benign
1116,Benign
1119,Spam
1126,Spam
1132,Spam
1135,Spam
1137,Spam
1140,Benign
1141,Benign
1143,Benign
1144,Benign
1146,Benign
1149,Benign
1151,Benign
1156,Benign
1161,Benign
1162,Spam
1163,Benign
1167,Benign
1168,Benign
1169,Benign
1171,Benign
1175,Benign
1176,Spam
1182,Benign
1183,Spam
1191,Benign
1193,Benign
1195,Benign
1200,Spam
1201,Spam
1202,Spam
1203,Benign
1206,Benign
1208,Benign
1210,Benign
1213,Benign
1214,Benign
1215,Benign
1217,Spam
1220,Spam
1222,Benign
1225,Benign
1226,Benign
1227,Benign
1228,Benign
1229,Benign
1231,Benign
1233,Spam
1236,Benign
1237,Spam
1238,Spam
1241,Benign
1243,Benign
1245,Benign
1246,Benign
1249,Benign
1251,Benign
1253,Spam
1254,Benign
1260,Benign
1261,Benign
1263,Benign
1264,Benign
1265,Benign
1266,Benign
1268,Benign
1271,Benign
1272,Benign
1275,Spam
1277,Benign
1280,Spam
1282,Spam
1283,Spam
1284,Benign
1288,Benign
1290,Benign
1291,Benign
1293,Benign
1295,Benign
1296,Spam
1299,Benign
1305,Benign
1306,Benign
1308,Benign
1312,Benign
1316,Benign
1318,Benign
1321,Spam
1322,Spam
1332,Benign
1335,Spam
1336,Spam
1338,Spam
1341,Benign
1345,Spam
1349,Benign
1360,Benign
1362,Benign
1364,Benign
1370,Benign
1372,Spam
1373,Benign
1374,Benign
1377,Benign
1378,Spam
1379,Benign
1380,Benign
1382,Benign
1383,Spam
1385,Benign
1389,Benign
1392,Benign
1394,Spam
1395,Spam
1396,Benign
1399,Benign
1405,Spam
1406,Spam
1407,Spam
1411,Spam
1412,Benign
1415,Benign
1416,Benign
1418,Benign
1419,Spam
1421,Spam
1422,Spam
1424,Spam
1426,Benign
1430,Spam
1433,Spam
1435,Benign
1439,Spam
1440,Benign
1441,Benign
1444,Spam
1446,Spam
1447,Spam
1448,Benign
1449,Benign
1451,Benign
1452,Spam
1453,Benign
1454,Benign
1455,Benign
1458,Benign
1459,Benign
1462,Spam
1463,Benign
1464,Benign
1465,Benign
1472,Benign
1473,Benign
1475,Spam
1476,Benign
1477,Spam
1478,Benign
1483,Benign
1484,Benign
1488,Spam
1494,Benign
1495,Benign
1498,Benign
1499,Benign
1503,Benign
1504,Benign
1506,Benign
1508,Benign
1510,Benign
1513,Benign
1515,Spam
1516,Benign
1519,Benign
1521,Benign
1523,Benign
1526,Benign
1528,Benign
1530,Spam
1532,Benign
1534,Benign
1539,Benign
1542,Spam
1543,Benign
1545,Benign
1546,Benign
1547,Benign
1548,Benign
1549,Spam
1551,Benign
1553,Benign
1554,Spam
1555,Spam
1556,Benign
1561,Benign
1562,Benign
1563,Benign
1564,Spam
1567,Benign
1569,Benign
1571,Spam
1572,Benign
1573,Spam
1574,Spam
1575,Benign
1578,Spam
1584,Benign
1585,Benign
1588,Spam
1589,Spam
1594,Benign
1597,Benign
1600,Spam
1602,Benign
1603,Benign
1605,Spam
1606,Benign
1607,Spam
1609,Benign
1610,Benign
1611,Benign
1612,Benign
1613,Benign
1617,Benign
1618,Spam
1620,Benign
1624,Benign
1627,Benign
1629,Benign
1630,Spam
1632,Spam
1634,Spam
1637,Spam
1639,Benign
1641,Benign
1643,Spam
1644,Spam
1648,Spam
1650,Benign
1653,Benign
1656,Benign
1657,Spam
1658,Benign
1659,Benign
1667,Benign
1668,Benign
1671,Benign
1675,Spam
1676,Benign
1677,Benign
1678,Benign
1683,Benign
1684,Benign
1686,Benign
1689,Benign
1691,Benign
1693,Spam
1696,Spam
1698,Benign
1699,Benign
1702,Benign
1704,Benign
1707,Benign
1709,Spam
1710,Benign
1711,Benign
1712,Benign
1714,Spam
1715,Benign
1717,Spam
1719,Spam
1720,Benign
1723,Spam
1731,Benign
1732,Spam
1734,Benign
1737,Benign
1739,Benign
1744,Benign
1749,Benign
1750,Spam
1752,Spam
1753,Benign
1754,Spam
1755,Benign
1756,Benign
1757,Spam
1760,Benign
1761,Spam
1762,Benign
1764,Benign
1765,Benign
1766,Benign
1768,Spam
1772,Benign
1773,Benign
1774,Benign
1776,Benign
1777,Spam
1778,Spam
1782,Benign
1783,Spam
1787,Benign
1789,Benign
1790,Spam
1792,Benign
1797,Benign
1798,Benign
1799,Benign
1805,Benign
1806,Benign
1807,Benign
1809,Benign
1811,Spam
1812,Spam
1814,Benign
1815,Benign
1816,Benign
1822,Spam
1824,Benign
1826,Benign
1828,Benign
1835,Spam
1836,Benign
1842,Benign
1843,Benign
1845,Benign
1849,Benign
1854,Benign
1856,Spam
1861,Spam
1867,Spam
1868,Spam
1871,Spam
1876,Benign
1878,Spam
1883,Benign
1885,Benign
1891,Benign
1892,Benign
1896,Spam
1903,Spam
1905,Benign
1908,Benign
1909,Spam
1910,Benign
1913,Benign
1915,Benign
1925,Benign
1927,Benign
1928,Benign
1929,Benign
1931,Spam
1932,Benign
1935,Benign
1936,Spam
1938,Benign
1940,Benign
1943,Benign
1946,Spam
1949,Spam
1951,Benign
1957,Benign
1959,Benign
1960,Benign
1961,Benign
1963,Benign
1964,Spam
1966,Benign
1967,Benign
1968,Spam
1969,Benign
1970,Benign
1971,Benign
1973,Spam
1975,Spam
1977,Spam
1978,Benign
1979,Spam
1983,Spam
1984,Spam
1992,Benign
1994,Benign
1995,Spam
1998,Benign
1999,Spam
2000,Spam
2001,Benign
2002,Spam
2006,Benign
2007,Benign
2008,Spam
2009,Benign
2010,Benign
2011,Benign
2012,Benign
2015,Benign
2016,Spam
2020,Benign
2023,Benign
2024,Benign
2028,Benign
2032,Spam
2033,Benign
2034,Spam
2036,Benign
2037,Benign
2038,Spam
2046,Benign
2047,Spam
2049,Benign
2052,Benign
2057,Benign
2059,Spam
2062,Benign
2063,Benign
2064,Benign
2066,Benign
2067,Benign
2068,Benign
2069,Spam
2072,Benign
2075,Benign
2077,Spam
2082,Benign
2083,Benign
2084,Benign
2088,Benign
2089,Spam
2090,Benign
2091,Benign
2093,Benign
2094,Benign
2095,Benign
2098,Benign
2099,Spam
2101,Spam
2104,Benign
2106,Benign
2112,Benign
2115,Benign
2116,Spam
2122,Benign
2124,Spam
2125,Benign
2129,Benign
2131,Benign
2133,Benign
2135,Benign
2136,Benign
2137,Benign
2139,Benign
2140,Spam
2141,Spam
2142,Benign
2143,Spam
2144,Spam
2145,Benign
2147,Benign
2150,Benign
2151,Benign
2152,Benign
2155,Benign
2158,Benign
2160,Benign
2161,Benign
2162,Benign
2165,Benign
2167,Benign
2169,Benign
2170,Benign
2171,Benign
2172,Benign
2174,Spam
2176,Benign
2178,Spam
2179,Benign
2183,Benign
2186,Benign
2188,Benign
2190,Benign
2193,Benign
2197,Spam
2202,Spam
2203,Benign
2205,Benign
2206,Spam
2210,Spam
2213,Spam
2214,Spam
2215,Benign
2216,Benign
2220,Benign
2221,Spam
2224,Benign
2225,Benign
2227,Spam
2228,Benign
2229,Spam
2233,Benign
2241,Benign
2244,Spam
2246,Spam
2248,Benign
2249,Benign
2250,Benign
2252,Benign
2253,Spam
2256,Benign
2257,Benign
2258,Benign
2262,Benign
2268,Benign
2273,Benign
2274,Benign
2277,Benign
2281,Spam
2283,Benign
2284,Benign
2285,Spam
2291,Benign
2294,Benign
2297,Spam
2302,Benign
2305,Spam
2308,Benign
2311,Spam
2312,Spam
2314,Spam
2315,Spam
2316,Benign
2317,Benign
2319,Benign
2320,Benign
2325,Benign
2330,Spam
2334,Benign
2337,Benign
2338,Benign
2340,Benign
2341,Spam
2342,Benign
2343,Spam
2344,Benign
2346,Benign
2347,Benign
2348,Benign
2352,Benign
2353,Spam
2357,Benign
2359,Benign
2360,Benign
2368,Benign
2369,Benign
2378,Spam
2380,Benign
2382,Benign
2384,Spam
2386,Spam
2387,Benign
2390,Benign
2391,Benign
2394,Spam
2395,Benign
2397,Spam
2401,Benign
2403,Benign
2404,Benign
2409,Spam
2411,Benign
2412,Benign
2413,Spam
2415,Benign
2417,Benign
2418,Spam
2422,Benign
2424,Spam
2426,Benign
2428,Benign
2430,Benign
2434,Spam
2440,Benign
2442,Spam
2444,Benign
2445,Benign
2447,Spam
2451,Spam
2452,Spam
2456,Benign
2458,Spam
2460,Benign
2463,Benign
2466,Benign
2469,Spam
2473,Benign
2475,Benign
2476,Spam
2477,Spam
2478,Benign
2480,Benign
2481,Benign
2482,Spam
2485,Benign
2486,Benign
2488,Spam
2489,Spam
2492,Spam
2494,Spam
2495,Spam
2496,Benign
2500,Benign
2501,Benign
2502,Benign
2503,Spam
2504,Benign
2505,Benign
2508,Spam
2513,Spam
2514,Spam
2516,Benign
2522,Spam
2527,Benign
2529,Spam
2532,Benign
2533,Benign
2535,Spam
2539,Benign
2540,Benign
2545,Benign
2547,Spam
2550,Spam
2552,Benign
2554,Benign
2558,Benign
2559,Benign
2560,Spam
2561,Benign
2562,Spam
2567,Benign
2569,Benign
2570,Benign
2571,Benign
2572,Spam
2573,Benign
2577,Spam
2579,Benign
2580,Benign
2581,Benign
2582,Spam
2584,Benign
2586,Benign
2591,Spam
2594,Spam
2595,Benign
2599,Spam
2601,Benign
2602,Benign
2605,Benign
2608,Spam
2614,Benign
2617,Benign
2622,Benign
2623,Spam
2626,Benign
2628,Benign
2631,Spam
2632,Benign
2634,Benign
2638,Benign
2645,Spam
2646,Benign
2649,Benign
2653,Spam
2657,Benign
2658,Spam
2659,Spam
2661,Spam
2667,Benign
2668,Spam
2669,Benign
2670,Benign
2674,Benign
2675,Benign
2676,Benign
2680,Benign
2681,Benign
2686,Benign
2687,Benign
2688,Benign
2690,Benign
2691,Benign
2693,Benign
2698,Benign
2700,Benign
2707,Benign
2709,Benign
2713,Spam
2716,Benign
2719,Benign
2721,Benign
2722,Benign
2724,Spam
2726,Spam
2728,Benign
2729,Spam
2736,Spam
2740,Spam
2744,Benign
2745,Spam
2749,Spam
2752,Spam
2753,Benign
2756,Benign
2758,Spam
2761,Benign
2763,Benign
2765,Benign
2766,Spam
2767,Benign
2770,Benign
2771,Benign
2774,Benign
2777,Benign
2779,Benign
2780,Benign
2782,Spam
2784,Benign
2786,Benign
2788,Benign
2797,Benign
2802,Benign
2804,Spam
2807,Benign
2809,Benign
2812,Benign
2813,Spam
2814,Spam
2816,Benign
2817,Benign
2821,Benign
2822,Benign
2823,Benign
2824,Benign
2825,Spam
2826,Spam
2828,Spam
2830,Benign
2835,Benign
2836,Spam
2839,Spam
2840,Benign
2843,Benign
2847,Benign
2848,Spam
2849,Benign
2852,Benign
2854,Benign
2855,Spam
2857,Benign
2858,Spam
2860,Spam
2861,Benign
2863,Spam
2867,Benign
2869,Benign
2875,Spam
2877,Benign
2880,Benign
2891,Benign
2892,Benign
2896,Spam
2897,Spam
2899,Benign
2900,Benign
2903,Benign
2907,Benign
2908,Benign
2909,Benign
2911,Benign
2913,Benign
2915,Benign
2917,Spam
2918,Spam
2919,Benign
2921,Benign
2924,Spam
2925,Spam
2926,Spam
2934,Benign
2935,Benign
2943,Benign
2951,Benign
2959,Benign
2960,Spam
2961,Benign
2962,Benign
2963,Benign
2967,Spam
2969,Benign
2970,Benign
2971,Benign
2974,Benign
2975,Benign
2976,Benign
2977,Benign
2978,Benign
2980,Spam
2990,Benign
2992,Benign
2994,Spam
2995,Benign
2999,Benign
3001,Spam
3003,Benign
3004,Benign
3005,Spam
3008,Benign
3009,Benign
3010,Benign
3011,Benign
3012,Spam
3013,Benign
3016,Benign
3017,Benign
3020,Benign
3021,Spam
3022,Spam
3026,Benign
3027,Benign
3032,Spam
3035,Benign
3036,Spam
3037,Spam
3039,Spam
3040,Benign
3041,Spam
3044,Spam
3045,Benign
3049,Benign
3050,Benign
3051,Benign
3055,Benign
3058,Spam
3060,Benign
3063,Benign
3071,Benign
3073,Benign
3078,Benign
3080,Spam
3082,Spam
3083,Benign
3084,Benign
3087,Benign
3089,Benign
3091,Benign
3092,Spam
3093,Benign
3097,Spam
3099,Benign
3102,Benign
3106,Spam
3108,Benign
3109,Benign
3111,Benign
3113,Benign
3115,Benign
3116,Benign
3118,Benign
3120,Benign
3122,Benign
3127,Benign
3130,Benign
3136,Spam
3138,Benign
3144,Benign
3145,Spam
3158,Benign
3160,Benign
3161,Benign
3162,Benign
3166,Benign
3167,Spam
3173,Benign
3179,Benign
3186,Benign
3187,Benign
3188,Spam
3190,Benign
3191,Benign
3192,Spam
3193,Spam
3195,Spam
3196,Benign
3199,Benign
3201,Spam
3202,Benign
3203,Benign
3204,Benign
3205,Benign
3207,Benign
3208,Spam
3210,Spam
3213,Benign
3214,Benign
3219,Benign
3225,Benign
3226,Benign
3231,Benign
3235,Benign
3236,Benign
3238,Spam
3241,Spam
3242,Benign
3247,Benign
3249,Benign
3250,Spam
3255,Benign
3257,Benign
3258,Benign
3261,Benign
3264,Benign
3265,Benign
3268,Benign
3269,Benign
3272,Benign
3276,Benign
3282,Benign
3287,Benign
3288,Benign
3291,Benign
3292,Benign
3293,Benign
3294,Spam
3295,Benign
3298,Spam
3299,Spam
3304,Spam
3305,Benign
3308,Spam
3310,Benign
3312,Spam
3313,Benign
3314,Benign
3318,Benign
3319,Spam
3320,Benign
3322,Benign
3324,Benign
3330,Spam
3333,Spam
3334,Spam
3340,Spam
3343,Spam
3348,Spam
3349,Benign
3357,Benign
3360,Spam
3361,Spam
3362,Benign
3363,Spam
3365,Spam
3367,Spam
3368,Spam
3373,Benign
3376,Benign
3379,Benign
3380,Benign
3382,Spam
3383,Benign
3384,Spam
3385,Benign
3389,Benign
3391,Spam
3392,Spam
3394,Spam
3397,Benign
3398,Benign
3400,Benign
3401,Benign
3402,Spam
3403,Benign
3406,Spam
3411,Benign
3412,Spam
3415,Benign
3416,Benign
3417,Benign
3418,Benign
3419,Benign
3422,Benign
3424,Spam
3426,Benign
3430,Benign
3432,Benign
3436,Benign
3437,Benign
3439,Benign
3442,Benign
3443,Benign
3448,Spam
3455,Spam
3458,Spam
3459,Benign
3461,Benign
3462,Benign
3464,Spam
3465,Benign
3467,Benign
3471,Spam
3472,Benign
3475,Benign
3476,Benign
3483,Benign
3484,Benign
3485,Benign
3486,Benign
3487,Benign
3488,Spam
3492,Benign
3494,Spam
3500,Benign
3504,Benign
3506,Benign
3508,Benign
3509,Benign
3510,Benign
3511,Benign
3512,Benign
3515,Benign
3520,Benign
3521,Benign
3523,Benign
3524,Spam
3530,Benign
3532,Spam
3533,Spam
3535,Spam
3539,Benign
3540,Benign
3544,Spam
3547,Spam
3548,Benign
3550,Benign
3554,Benign
3555,Benign
3557,Spam
3559,Benign
3562,Benign
3565,Benign
3569,Benign
3572,Benign
3574,Benign
3578,Benign
3581,Spam
3583,Benign
3584,Benign
3590,Spam
3591,Spam
3592,Benign
3594,Benign
3596,Benign
3597,Spam
3598,Benign
3602,Benign
3603,Benign
3605,Benign
3611,Benign
3612,Benign
3615,Benign
3616,Benign
3622,Benign
3624,Benign
3625,Benign
3626,Benign
3628,Spam
3632,Benign
3633,Benign
3635,Spam
3636,Benign
3637,Benign
3638,Benign
3639,Spam
3641,Spam
3645,Spam
3646,Spam
3649,Benign
3650,Spam
3651,Benign
3653,Benign
3659,Spam
3663,Benign
3664,Spam
3668,Benign
3671,Spam
3676,Benign
3680,Benign
3683,Spam
3687,Benign
3688,Spam
3689,Spam
3693,Benign
3700,Benign
3701,Spam
3704,Benign
3705,Spam
3706,Benign
3709,Benign
3710,Benign
3711,Benign
3716,Benign
3719,Benign
3724,Benign
3728,Benign
3730,Benign
3740,Benign
3741,Benign
3742,Benign
3743,Benign
3747,Benign
3748,Benign
3750,Benign
3752,Benign
3753,Spam
3757,Benign
3759,Benign
3760,Benign
3761,Benign
3764,Benign
3765,Benign
3767,Spam
3769,Spam
3771,Spam
3777,Benign
3778,Benign
3779,Spam
3780,Spam
3781,Benign
3783,Benign
3787,Benign
3789,Spam
3790,Benign
3791,Spam
3792,Benign
3793,Benign
3795,Spam
3796,Benign
3801,Benign
3802,Benign
3803,Benign
3805,Benign
3806,Spam
3807,Benign
3809,Benign
3810,Benign
3813,Benign
3814,Spam
3816,Benign
3819,Spam
3821,Benign
3823,Benign
3824,Spam
3828,Benign
3829,Benign
3830,Spam
3836,Benign
3837,Benign
3840,Benign
3845,Benign
3846,Benign
3847,Spam
3852,Benign
3854,Spam
3856,Benign
3858,Benign
3859,Spam
3860,Benign
3861,Benign
3862,Benign
3863,Benign
3864,Spam
3867,Benign
3872,Spam
3874,Benign
3875,Benign
3876,Spam
3878,Benign
3879,Benign
3880,Benign
3882,Benign
3883,Spam
3890,Benign
3892,Spam
3894,Benign
3895,Spam
3896,Benign
3897,Benign
3899,Benign
3900,Benign
3901,Benign
3903,Benign
3910,Benign
3911,Benign
3913,Benign
3915,Benign
3920,Benign
3921,Benign
3923,Spam
3925,Benign
3927,Benign
3929,Benign
3933,Spam
3935,Benign
3937,Spam
3938,Benign
3939,Benign
3941,Spam
3942,Benign
3943,Benign
3944,Spam
3946,Spam
3947,Benign
3949,Spam
3951,Spam
3955,Benign
3959,Benign
3961,Benign
3962,Spam
3964,Benign
3968,Benign
3969,Spam
3970,Benign
3974,Benign
3975,Benign
3976,Benign
3979,Benign
3980,Benign
3984,Benign
3985,Spam
3986,Spam
3987,Benign
3988,Benign
3989,Benign
3990,Benign
3991,Benign
3992,Benign
3993,Benign
3998,Spam
3999,Spam
4006,Benign
4007,Benign
4013,Benign
4014,Spam
4018,Spam
4022,Benign
4023,Benign
4027,Spam
4031,Benign
4033,Benign
4040,Benign
4041,Benign
4042,Spam
4043,Benign
4044,Benign
4045,Benign
4050,Benign
4051,Benign
4055,Spam
4057,Spam
4058,Spam
4063,Benign
4066,Benign
4069,Benign
4073,Benign
4075,Benign
4079,Benign
4080,Spam
4081,Benign
4083,Spam
4085,Spam
4086,Spam
4087,Benign
4088,Benign
4096,Spam
4099,Spam
4103,Spam
4105,Benign
4107,Benign
4108,Benign
4118,Spam
4119,Benign
4121,Benign
4122,Spam
4124,Benign
4125,Spam
4126,Spam
4128,Benign
4131,Benign
4132,Benign
4133,Spam
4134,Spam
4135,Benign
4136,Spam
4137,Benign
4139,Benign
4141,Benign
4142,Spam
4145,Benign
4146,Spam
4149,Benign
4150,Spam
4152,Benign
4154,Benign
4157,Benign
4160,Benign
4161,Benign
4162,Benign
4163,Spam
4164,Spam
4167,Benign
4169,Benign
4176,Benign
4177,Benign
4178,Spam
4183,Benign
4184,Benign
4185,Benign
4186,Spam
4189,Spam
4190,Benign
4192,Spam
4195,Spam
4196,Spam
4199,Benign
4202,Benign
4204,Benign
4210,Benign
4211,Benign
4212,Benign
4214,Benign
4216,Benign
4218,Spam
4219,Benign
4223,Benign
4226,Benign
4227,Spam
4231,Spam
4232,Spam
4235,Spam
4239,Benign
4240,Spam
4241,Benign
4242,Benign
4243,Benign
4244,Benign
4250,Spam
4251,Spam
4252,Benign
4253,Benign
4256,Benign
4264,Benign
4266,Benign
4267,Spam
4268,Benign
4269,Spam
4270,Benign
4271,Benign
4275,Benign
4277,Benign
4278,Benign
4281,Benign
4285,Spam
4289,Spam
4291,Benign
4293,Benign
4298,Benign
4299,Benign
4302,Spam
4303,Spam
4308,Spam
4309,Benign
4310,Spam
4311,Benign
4313,Benign
4314,Spam
4317,Spam
4318,Benign
4321,Benign
4324,Benign
4325,Benign
4326,Benign
4328,Benign
4329,Benign
4332,Benign
4333,Benign
4334,Benign
4335,Spam
4336,Benign
4337,Benign
4339,Spam
4343,Benign
4345,Benign
4347,Benign
4350,Benign
4351,Benign
4356,Benign
4357,Benign
4360,Benign
4361,Benign
4363,Benign
4366,Benign
4367,Benign
4369,Benign
4370,Spam
4371,Benign
4373,Spam
4376,Benign
4383,Benign
4390,Benign
4392,Spam
4393,Spam
4394,Benign
4396,Spam
4397,Benign
4398,Benign
4405,Benign
4407,Benign
4410,Benign
4414,Spam
4415,Benign
4416,Benign
4421,Benign
4422,Benign
4426,Benign
4429,Benign
4431,Benign
4432,Spam
4435,Spam
4438,Benign
4439,Spam
4440,Spam
4441,Spam
4442,Spam
4445,Benign
4451,Spam
4452,Spam
4453,Benign
4456,Benign
4458,Spam
4460,Benign
4461,Benign
4470,Spam
4472,Spam
4473,Benign
4478,Benign
4480,Benign
4484,Benign
4486,Benign
4490,Spam
4493,Benign
4497,Benign
4500,Spam
4502,Benign
4505,Spam
4509,Benign
4510,Spam
4514,Benign
4515,Spam
4516,Benign
4517,Benign
4518,Benign
4524,Benign
4525,Benign
4532,Benign
4534,Benign
4536,Spam
4537,Spam
4538,Benign
4539,Benign
4540,Benign
4541,Benign
4542,Benign
4545,Spam
4551,Spam
4552,Benign
4555,Spam
4559,Spam
4561,Benign
4562,Benign
4563,Benign
4564,Benign
4565,Spam
4569,Spam
4570,Benign
4571,Benign
4575,Benign
4577,Benign
4580,Benign
4581,Benign
4583,Spam
4584,Benign
4588,Benign
4591,Benign
4592,Benign
4594,Benign
4595,Benign
4596,Benign
4597,Benign
4599,Spam
4601,Spam
4604,Spam
4605,Spam
4606,Spam
4607,Spam
4608,Spam
4610,Benign
4611,Spam
4615,Spam
4622,Spam
4625,Benign
4626,Benign
4627,Benign
4630,Benign
4631,Benign
4633,Benign
4635,Benign
4639,Benign
4642,Benign
4645,Benign
4650,Benign
4652,Benign
4653,Benign
4655,Spam
4656,Benign
4657,Benign
4661,Benign
4662,Spam
4664,Benign
4668,Benign
4669,Spam
4670,Benign
4672,Spam
4674,Spam
4676,Benign
4677,Benign
4678,Benign
4683,Benign
4686,Benign
4688,Spam
4693,Benign
4694,Benign
4695,Spam
4698,Spam
4699,Spam
4701,Spam
4705,Spam
4710,Spam
4712,Benign
4715,Spam
4718,Spam
4721,Spam
4725,Spam
4726,Benign
4727,Spam
4730,Spam
4734,Benign
4736,Spam
4738,Spam
4739,Benign
4742,Benign
4746,Spam
4756,Benign
4759,Benign
4761,Spam
4762,Spam
4763,Spam
4764,Benign
4765,Spam
4767,Spam
4771,Benign
4772,Benign
4773,Benign
4775,Benign
4777,Benign
4780,Benign
4782,Spam
4783,Benign
4787,Spam
4789,Benign
4792,Benign
4793,Spam
4795,Spam
4801,Benign
4805,Benign
4811,Benign
4815,Benign
4816,Benign
4817,Spam
4818,Spam
4819,Benign
4821,Benign
4822,Benign
4823,Benign
4825,Spam
4832,Spam
4833,Benign
4834,Benign
4836,Benign
4837,Benign
4839,Spam
4840,Spam
4841,Spam
4844,Spam
4848,Spam
4849,Spam
4851,Benign
4855,Benign
4856,Benign
4858,Benign
4862,Benign
4864,Spam
4870,Benign
4871,Benign
4874,Spam
4875,Spam
4879,Benign
4880,Spam
4882,Spam
4883,Benign
4884,Benign
4885,Spam
4886,Benign
4887,Benign
4888,Spam
4889,Benign
4890,Benign
4893,Benign
4894,Spam
4895,Spam
4899,Benign
4900,Benign
4901,Spam
4905,Benign
4907,Spam
4908,Spam
4909,Spam
4911,Benign
4913,Spam
4916,Benign
4917,Benign
4920,Benign
4921,Benign
4927,Benign
4932,Spam
4936,Spam
4940,Benign
4941,Spam
4942,Spam
4948,Spam
4950,Spam
4951,Benign
4955,Benign
4959,Spam
4963,Spam
4964,Benign
4965,Benign
4966,Spam
4974,Spam
4975,Spam
4978,Benign
4981,Spam
4983,Benign
4986,Benign
4989,Benign
4991,Benign
4992,Spam
4993,Benign
4995,Benign
4996,Benign
4999,Spam
5000,Spam
5001,Spam
5002,Benign
5003,Spam
5004,Benign
5006,Benign
5007,Benign
5010,Benign
5011,Benign
5015,Spam
5016,Benign
5017,Spam
5019,Spam
5020,Spam
5021,Benign
5022,Benign
5024,Benign
5027,Spam
5028,Benign
5029,Spam
5030,Spam
5031,Benign
5032,Benign
5035,Benign
5043,Benign
5044,Spam
5045,Benign
5047,Benign
5048,Benign
5052,Benign
5053,Benign
5057,Benign
5064,Benign
5069,Benign
5072,Benign
5073,Benign
5074,Spam
5076,Benign
5078,Spam
5080,Benign
5083,Benign
5085,Benign
5086,Benign
5088,Benign
5091,Benign
5092,Spam
5093,Spam
5094,Benign
5097,Spam
5098,Benign
5099,Spam
5102,Benign
5103,Spam
5104,Spam
5106,Benign
5110,Benign
5111,Benign
5112,Benign
5116,Benign
5118,Spam
5121,Spam
5122,Spam
5128,Benign
5130,Spam
5133,Benign
5134,Spam
5138,Benign
5144,Benign
5148,Benign
5149,Benign
5153,Benign
5154,Spam
5156,Benign
5165,Spam
5168,Spam
5171,Benign
5172,Spam
5176,Benign
5177,Spam
5178,Benign
5179,Benign
5180,Spam
5181,Benign
5183,Benign
5184,Benign
5187,Benign
5188,Spam
5191,Benign
5192,Benign
5196,Spam
5203,Benign
5206,Benign
5208,Spam
5209,Spam
5210,Spam
5213,Spam
5215,Benign
5216,Benign
5217,Benign
5218,Benign
5220,Spam
5224,Benign
5225,Benign
5226,Benign
5227,Spam
5232,Spam
5235,Benign
5236,Benign
5237,Benign
5239,Spam
5241,Benign
5242,Spam
5243,Benign
5244,Spam
5249,Benign
5250,Spam
5252,Spam
5253,Benign
5254,Spam
5256,Benign
5261,Spam
5262,Spam
5263,Spam
5268,Spam
5269,Benign
5271,Spam
5272,Benign
5273,Benign
5276,Benign
5278,Spam
5284,Spam
5292,Spam
5295,Benign
5296,Spam
5298,Benign
5303,Spam
5304,Benign
5305,Benign
5306,Benign
5308,Spam
5312,Spam
5313,Benign
5316,Benign
5318,Spam
5323,Spam
5325,Benign
5326,Benign
5328,Benign
5331,Spam
5332,Spam
5334,Benign
5335,Spam
5336,Spam
5338,Benign
5339,Spam
5340,Benign
5341,Benign
5344,Benign
5347,Spam
5349,Benign
5353,Benign
5356,Spam
5358,Spam
5359,Benign
5361,Benign
5362,Benign
5365,Spam
5366,Benign
5367,Benign
5371,Benign
5372,Benign
5374,Benign
5375,Benign
5376,Benign
5378,Spam
5384,Spam
5387,Spam
5398,Benign
5399,Spam
5400,Benign
5402,Benign
5408,Benign
5409,Benign
5412,Benign
5413,Spam
5414,Benign
5417,Benign
